{
    "mean": {
        "model": "Random Forest",
        "mse": [
            3.5934677274508533,
            1.5662855966436917,
            2.0556750359888825,
            2.5780904406760494,
            2.850081120344845,
            0.3525880585440406,
            2.5263859470543637,
            1.6257468569509121,
            2.2672503066920644,
            0.7531245406732129
        ],
        "mae": [
            1.3036888945614868,
            0.6728222772009558,
            0.8851844084448014,
            0.8165200829815931,
            1.0046029275543729,
            0.3856335387054242,
            1.0871807106502323,
            0.6886899951241869,
            0.77484420659326,
            0.5406156529530282
        ],
        "r2": [
            1.3036888945614868,
            0.6728222772009558,
            0.8851844084448014,
            0.8165200829815931,
            1.0046029275543729,
            0.3856335387054242,
            1.0871807106502323,
            0.6886899951241869,
            0.77484420659326,
            0.5406156529530282
        ]
    },
    "std_dev": {
        "model": "Random Forest",
        "mse": [
            3.3257975423582384,
            0.9703462087223944,
            1.9878668535042578,
            1.7845263198318044,
            2.074143571407879,
            0.35420543112233926,
            1.1363658773673881,
            1.1125984578290213,
            1.221931794733908,
            0.7255384708723256
        ],
        "mae": [
            1.3519684465791606,
            0.6810915642471357,
            0.9622121259299444,
            0.785232348232986,
            0.9717442415512733,
            0.4423945805017613,
            0.8178023442977735,
            0.6588377370506471,
            0.6960944361615694,
            0.5794578667805329
        ],
        "r2": [
            1.3519684465791606,
            0.6810915642471357,
            0.9622121259299444,
            0.785232348232986,
            0.9717442415512733,
            0.4423945805017613,
            0.8178023442977735,
            0.6588377370506471,
            0.6960944361615694,
            0.5794578667805329
        ]
    },
    "variance": {
        "model": "Random Forest",
        "mse": [
            365.2690136318063,
            83.44262882021864,
            87.8856649688214,
            288.484816606761,
            185.63884592860458,
            34.184379199133325,
            145.37453000204528,
            64.62824695832253,
            83.50254138320598,
            80.67796675673371
        ],
        "mae": [
            10.538901229059642,
            5.029602851675455,
            5.449360401502238,
            7.264924973044293,
            7.792306940923945,
            3.2116407273802356,
            7.806999365203521,
            3.753996367956208,
            4.361537891600183,
            4.963359452331663
        ],
        "r2": [
            10.538901229059642,
            5.029602851675455,
            5.449360401502238,
            7.264924973044293,
            7.792306940923945,
            3.2116407273802356,
            7.806999365203521,
            3.753996367956208,
            4.361537891600183,
            4.963359452331663
        ]
    }
}