{
    "mean": {
        "model": "SVR",
        "mse": [
            0.006638895421684757,
            0.013622477210159457,
            0.006724903624037452,
            0.03835060142458968,
            0.019872551786822495,
            0.016268559050397702,
            0.012822627971491429,
            0.02861618101495359,
            0.008663249765746218,
            0.00867213933105476
        ],
        "mae": [
            0.06840882212380693,
            0.10270419957072736,
            0.06626629408439379,
            0.12824428144235903,
            0.0954703045418233,
            0.10675393690197645,
            0.0984525040069719,
            0.11087317014405657,
            0.07830724862738517,
            0.08564508117731766
        ],
        "r2": [
            0.06840882212380693,
            0.10270419957072736,
            0.06626629408439379,
            0.12824428144235903,
            0.0954703045418233,
            0.10675393690197645,
            0.0984525040069719,
            0.11087317014405657,
            0.07830724862738517,
            0.08564508117731766
        ]
    },
    "std_dev": {
        "model": "SVR",
        "mse": [
            0.010946418599136963,
            0.015325861914958883,
            0.006721034652661283,
            0.037810419859160865,
            0.02330091060395696,
            0.01771080274039408,
            0.01189139596131303,
            0.024827291718387236,
            0.009289468163207385,
            0.010027254122628502
        ],
        "mae": [
            0.08564842692983547,
            0.10126254584361781,
            0.06893056062475017,
            0.13406944053117367,
            0.10373711892602717,
            0.1087071963804517,
            0.09138464299044845,
            0.09848772238581739,
            0.07462089784804027,
            0.09407594117948713
        ],
        "r2": [
            0.08564842692983547,
            0.10126254584361781,
            0.06893056062475017,
            0.13406944053117367,
            0.10373711892602717,
            0.1087071963804517,
            0.09138464299044845,
            0.09848772238581739,
            0.07462089784804027,
            0.09407594117948713
        ]
    },
    "variance": {
        "model": "Random Forest",
        "mse": [
            0.018859984899660395,
            0.040587746294294964,
            0.014701071273738374,
            0.30521034037684613,
            0.05498743183378573,
            0.033155229466095976,
            0.022554241486031926,
            0.1588827195088143,
            0.024496943025942422,
            0.02117628110813934
        ],
        "mae": [
            0.1221594462967869,
            0.15026822376978438,
            0.09408024117629853,
            0.3187789512912605,
            0.1541782666694395,
            0.14444118234550266,
            0.12049677327771303,
            0.20809199953178184,
            0.1257417272939097,
            0.1192182324044595
        ],
        "r2": [
            0.1221594462967869,
            0.15026822376978438,
            0.09408024117629853,
            0.3187789512912605,
            0.1541782666694395,
            0.14444118234550266,
            0.12049677327771303,
            0.20809199953178184,
            0.1257417272939097,
            0.1192182324044595
        ]
    }
}